Homelessness,15
Complex,15
Social,15
Issue,15
Individuals,15
Families,15
Lack,15
Stable,15
Permanent,15
Housing,15
Impacts,15
Physical,15
Mental,15
Well-being,15
Homeless,15
People,15
Vulnerable,15
Illness,15
Violence,15
Extreme,15
Weather,15
Conditions,15
Homelessness,15
Widespread,15
Issue,15
Urban,15
Rural,15
Areas,15
Causes,15
Varied,15
Often,15
Interconnected,15
Economic,15
Factors,15
Major,15
Drivers,15
Homelessness,15
Unemployment,15
Low,15
Wages,15
Lack,15
Affordable,15
Housing,15
Contribute,15
People,15
Inability,15
Secure,15
Maintain,15
Housing,15
Rising,15
Housing,15
Costs,15
Particularly,15
Cities,15
Outpace,15
Wages,15
Making,15
Difficult,15
Individuals,15
Afford,15
Rent,15
Mortgage,15
Even,15
Working,15
Full-time,15
Job,15
Economic,15
Instability,15
Financial,15
Crises,15
Loss,15
Jobs,15
Force,15
People,15
Homelessness,15
Personal,15
Crises,15
Mental,15
Illness,15
Addiction,15
Contribute,15
Homelessness,15
People,15
Suffering,15
Mental,15
Health,15
Issues,15
Addiction,15
Struggle,15
Maintain,15
Employment,15
Stable,15
Relationships,15
Leading,15
Difficulty,15
Affording,15
Housing,15
Inadequate,15
Access,15
Mental,15
Health,15
Services,15
Addiction,15
Treatment,15
Exacerbates,15
Homelessness,15
Once,15
Homeless,15
Hard,15
Break,15
Cycle,15
Lack,15
Resources,15
Stability,15
Worsens,15
Conditions,15
Family,15
Breakdown,15
Domestic,15
Violence,15
Significant,15
Causes,15
Homelessness,15
Women,15
Children,15
Particularly,15
Affected,15
Fleeing,15
Abusive,15
Relationships,15
Often,15
Find,15
Themselves,15
Without,15
Safe,15
Place,15
Live,15
Shelters,15
Often,15
Overcrowded,15
Lack,15
Resources,15
Provide,15
Long-term,15
Support,15
Leading,15
Many,15
Individuals,15
Families,15
Remain,15
Homeless,15
Longer,15
Periods,15
Government,15
Policies,15
Critical,15
Addressing,15
Homelessness,15
Lack,15
Funding,15
Affordable,15
Housing,15
Social,15
Services,15
Contributes,15
Rising,15
Homelessness,15
Certain,15
Policies,15
Unintentionally,15
Worsen,15
Problem,15
Criminalization,15
Homelessness,15
Limits,15
Access,15
Public,15
Spaces,15
Punishes,15
People,15
Living,15
Streets,15
Rather,15
Addressing,15
Root,15
Causes,15
Comprehensive,15
Approach,15
Social,15
Safety,15
Net,15
Necessary,15
Addressing,15
Underlying,15
Factors,15
Homelessness,15
Impacts,15
Entire,15
Society,15
Not,15
Just,15
Those,15
Directly,15
Experiencing,15
It,15
Social,15
Economic,15
Costs,15
Significant,15
Health,15
Care,15
Legal,15
Systems,15
Stretched,15
Thin,15
Address,15
Needs,15
Homeless,15
Population,15
Hospitals,15
Emergency,15
Services,15
Overwhelmed,15
Providing,15
Care,15
Those,15
Suffering,15
From,15
Preventable,15
Illnesses,15
Injuries,15
Due,15
Homelessness,15
Law,15
Enforcement,15
Often,15
Tasked,15
Managing,15
Homelessness,15
Through,15
Arrests,15
Fines,15
Rather,15
Providing,15
Support,15
Solutions,15
Solutions,15
Homelessness,15
Require,15
Multi-faceted,15
Approach,15
Affordable,15
Housing,15
Mental,15
Health,15
Services,15
Addiction,15
Treatment,15
Employment,15
Support,15
Social,15
Services,15
Critical,15
Breaking,15
Cycle,15
Providing,15
People,15
Tools,15
Resources,15
Needed,15
Secure,15
Maintain,15
Stable,15
Housing,15
Housing-first,15
Approach,15
Providing,15
Housing,15
Immediate,15
Priority,15
Before,15
Addressing,15
Other,15
Issues,15
Found,15
Effective,15
Reducing,15
Long-term,15
Homelessness,15
Helping,15
Individuals,15
Rebuild,15
Lives,15
Shelters,15
Temporary,15
Relief,15
Many,15
Homeless,15
Inadequate,15
Long-term,15
Solution,15
Permanent,15
Affordable,15
Housing,15
Crucial,15
Addressing,15
Root,15
Causes,15
Homelessness,15
Without,15
Stable,15
Place,15
Live,15
Difficult,15
Find,15
Employment,15
Maintain,15
Health,15
Support,15
Children,15
Overcoming,15
Homelessness,15
Requires,15
Collective,15
Effort,15
Government,15
Organizations,15
Communities,15
Working,15
Together,15
Tackle,15
Issue,15
From,15
Multiple,15
Angles,15